theta,Delta_mean_beh,Delta_median_beh,MTTD_beh,Delta_mean_rat,Delta_median_rat,MTTD_rat,Delta_mean_diff,Delta_median_diff,MTTD_diff
0.75,0.23000000000000004,0.55,0.7877777777777777,,,,,,
0.85,1.3855555555555554,2.0,1.7577777777777779,,,,,,
0.9,2.449047619047619,2.85,2.627936507936508,,,,,,
