seed,ft,n_users,merger_day,merger_shift,merger_noise,MTTD_days,User_FP_pct
0,3,4000,15,0.12,0.03,2.5555555555555554,21.278195488721803
1,3,4000,15,0.12,0.03,2.2222222222222223,20.651629072681704
MEAN,3,4000,15,0.12,0.03,2.388888888888889,20.964912280701753
