seed,ft,n_users,merger_day,merger_shift,merger_noise,MTTD_days,User_FP_pct
0,9,4000,15,0.12,0.03,2.4444444444444446,20.676691729323306
1,9,4000,15,0.12,0.03,2.875,20.601503759398497
MEAN,9,4000,15,0.12,0.03,2.6597222222222223,20.639097744360903
